"wavelength","hs_wt_ox","hs_wt_red","hs_mut_ox","hs_mut_red","hs_dsred_ox","hs_dsred_red"
599.9865112,0.020806171,0.01952546835,0.02671881393,0.02310417779,0.0253235437,0.01755691133
599.5053101,0.02099953964,0.01955184154,0.02676511928,0.02310521528,0.02577876858,0.01783060655
598.9869995,0.02120897733,0.01933594793,0.02692810819,0.02318756096,0.02629785798,0.01813327149
598.5056763,0.02148269862,0.01959089004,0.02730352804,0.02335030586,0.02684719861,0.01844065823
597.9872437,0.02162358351,0.01968744211,0.02721772529,0.02352838591,0.02742100134,0.01869488508
597.5057373,0.02167495526,0.01959998906,0.02744146064,0.02336956374,0.02804288827,0.01923798583
596.9872437,0.02177572809,0.01949574053,0.02763659321,0.02354893647,0.02851562575,0.01944841631
596.5056152,0.02198139951,0.01945873164,0.02747896314,0.02339781076,0.02911162376,0.01982755587
595.9868774,0.02207845822,0.01947884634,0.02765631862,0.02344094776,0.02953343093,0.01997324452
595.505188,0.02215663344,0.01958728768,0.027994873,0.02348056622,0.03040984459,0.020498164
594.9863892,0.02230043337,0.01945883967,0.02793852612,0.02332178876,0.03078206442,0.02069196664
594.5045166,0.02250567451,0.01947754622,0.02817243896,0.02351999655,0.03138775006,0.02110154182
593.9855347,0.02256511152,0.01940039359,0.02838149667,0.02358260751,0.03208579868,0.0215353854
593.503479,0.02255584113,0.01949522644,0.02849403583,0.02354399115,0.03247153386,0.02158182301
592.9844971,0.02311081067,0.01973882876,0.02882273309,0.02361849323,0.03323420137,0.02219904959
592.5023804,0.02320842259,0.01988483965,0.02909277193,0.02377508394,0.03384869173,0.02253113873
591.9830933,0.02344829775,0.01976150274,0.029226318,0.02369576879,0.0345046334,0.02293407358
591.5008545,0.02358673327,0.01974549331,0.02924985439,0.02354844473,0.03493883833,0.02307253703
590.9814453,0.02368262038,0.01983129606,0.02947995998,0.02377177402,0.03578688577,0.02359036915
590.4991455,0.02383299917,0.01988521777,0.02968083322,0.02397013456,0.03650505468,0.02407748811
590.0167236,0.02421916276,0.01998592913,0.02990861423,0.02388791367,0.03718755767,0.02459315024
589.4971313,0.02451406978,0.02015062422,0.0303778071,0.02418845333,0.03812984377,0.02486175112
589.0146484,0.02443078719,0.02002851292,0.03030985221,0.02397347055,0.03840168938,0.02512234263
588.4949341,0.02456644177,0.01970009133,0.03030641004,0.02400205843,0.03892602026,0.02541435324
588.0122681,0.02490292303,0.01991898566,0.030614594,0.02394532412,0.03949197382,0.02579195425
587.4924316,0.02537403628,0.02024212107,0.03101456724,0.02428055927,0.040328715,0.02622248232
587.0095825,0.02546134219,0.02018980682,0.03142620623,0.02457616664,0.04104021564,0.02688073926
586.4896851,0.02572529018,0.02016849257,0.03153241426,0.02444604039,0.0416447185,0.02709499002
586.0067139,0.02605123632,0.02028177306,0.03157628328,0.02440000884,0.04223927855,0.02735811099
585.4866333,0.02600783855,0.02032859065,0.03187600896,0.02465317398,0.04297617823,0.02773762867
585.00354,0.02640204877,0.02051078342,0.03220772371,0.02454997972,0.04369125888,0.02821246348
584.4833374,0.02665459551,0.02081334032,0.03255573288,0.02487860806,0.0443424657,0.02841791883
584.0001831,0.02679419331,0.02075373568,0.03256803751,0.02485327981,0.04489646852,0.02881744877
583.5169678,0.02736687846,0.02126198448,0.03315867111,0.02519077994,0.04566857964,0.02942311391
582.996521,0.02755066939,0.02125274204,0.03322863951,0.02524090186,0.04646560177,0.02982060425
582.5131836,0.02772623301,0.02138909139,0.03374390304,0.02544630133,0.04703547433,0.03028329089
581.9926758,0.02792621404,0.02145335265,0.03341895342,0.02538869157,0.04737652093,0.03030585498
581.5091553,0.02806591801,0.02165476419,0.0338010937,0.02551083639,0.04815097153,0.03085512295
580.9884033,0.02835601754,0.02177518234,0.03413052857,0.02555764467,0.04875028506,0.03136334568
580.5048828,0.02854661271,0.02205195837,0.03463096544,0.0258439295,0.04938621446,0.03179937974
579.9840088,0.02888506092,0.02230070718,0.03475237265,0.02613386884,0.05008593574,0.03232753277
579.5003052,0.02912222408,0.02231264114,0.03511250392,0.02610412426,0.05067434162,0.03287925199
579.0165405,0.02921125665,0.0225399714,0.03538412601,0.02624076791,0.05112150684,0.03322076052
578.4954834,0.0298558455,0.02283202298,0.03567451984,0.02682304941,0.05223912746,0.03385179862
578.0116577,0.02984070592,0.02293874137,0.03579355031,0.02689486742,0.05240311474,0.03420056775
577.4904785,0.03021826409,0.02330911532,0.03619728237,0.02724782191,0.05337505788,0.03505003452
577.0064087,0.030304024,0.02358853817,0.03659018129,0.02760707773,0.05385270342,0.0357048437
576.4851685,0.03087635525,0.0237252675,0.03698952496,0.02798040584,0.05463387072,0.03664135188
576.0010376,0.03109242022,0.02422915213,0.03713008761,0.02829401568,0.05504096672,0.03701678291
575.5168457,0.03136120364,0.02450938709,0.03729887679,0.02872758545,0.05564377829,0.03793019429
574.9953613,0.03139957413,0.0250311289,0.03765220568,0.02927668579,0.05643527955,0.03905993327
574.5109863,0.03176996857,0.02542055584,0.03799282387,0.02973596565,0.05673455819,0.03990827128
573.9894409,0.03204870224,0.02623917349,0.03829130158,0.03072946519,0.05759112164,0.04138785973
573.5050049,0.03224594519,0.02679518424,0.03839252889,0.03119632043,0.05783719197,0.04237084836
572.9832153,0.03267114609,0.02782138251,0.03896750137,0.03240174428,0.05861949176,0.04416702315
572.4986572,0.03286956623,0.02860533446,0.03925551474,0.03322766349,0.05910181627,0.04560209811
572.0140381,0.03290536255,0.02969333343,0.03924290463,0.03431008756,0.05972410738,0.04768738151
571.4921265,0.0332406573,0.03106099926,0.03959586099,0.03585696965,0.06025987864,0.05006964132
571.0073853,0.03330085427,0.0322631225,0.03978867456,0.03721722588,0.06045819074,0.05219997838
570.4852905,0.03373550996,0.03408928216,0.04023995996,0.0394019708,0.06103654951,0.05567111447
570.0004883,0.03396064043,0.03577718884,0.04046561942,0.04124756157,0.0614733994,0.05867851153
569.5155029,0.03408163786,0.03814216703,0.04055862874,0.04379684478,0.06196496636,0.0625647679
568.9932861,0.0343371518,0.04029568285,0.04099537805,0.04648213834,0.06232676283,0.06692942232
568.5082397,0.03438133374,0.04303259775,0.04099967331,0.04929460213,0.06273350865,0.07173897326
567.9858398,0.03490422294,0.04689054191,0.04147912934,0.05394563451,0.06337025762,0.07854995131
567.5007324,0.03464002162,0.04943343624,0.04160292074,0.05654887483,0.06336273253,0.08296637982
567.0154419,0.03474640101,0.0529589057,0.04159354791,0.06050210819,0.06363676488,0.08955349028
566.4928589,0.03485109285,0.05623452365,0.04181532562,0.06422159076,0.06402896345,0.09513887763
566.0075684,0.03513355553,0.05950522795,0.04189488292,0.06776683033,0.06422144175,0.1011435837
565.4848633,0.03507057577,0.06294833869,0.04198702797,0.07152882218,0.06424986571,0.107235752
564.9994507,0.0350542143,0.06574397534,0.04215101525,0.07444266975,0.06448988616,0.1118882895
564.513855,0.03512718156,0.06883662939,0.04209639132,0.07813711464,0.06471664459,0.1175183058
563.9909058,0.03537081555,0.07098492235,0.0423611477,0.08032383025,0.06479188055,0.1217344776
563.5053711,0.03522963822,0.07319189608,0.04226689413,0.08234006912,0.06492616981,0.1255084574
562.9822998,0.03531642258,0.07450968772,0.04236054793,0.08361753821,0.06498894095,0.1279788762
562.496582,0.03545857966,0.07577740401,0.04247242957,0.08454880118,0.0651338771,0.1300937682
562.0107422,0.03540777043,0.07665649801,0.04254699871,0.08504863083,0.06508449465,0.131636709
561.4875488,0.03554580361,0.07697170973,0.04250445962,0.08534504473,0.06509336829,0.1322961301
561.0015869,0.03535949811,0.07725412399,0.04254776984,0.08511434495,0.06499429047,0.1327712536
560.515625,0.03543349728,0.0773697719,0.04258288816,0.08466127515,0.06493491679,0.1327932477
559.9921875,0.03522989154,0.07684758306,0.04239057004,0.08371750265,0.06477580965,0.1321810037
559.5061035,0.03550169989,0.07656747103,0.04272558913,0.08314010501,0.06483377516,0.1311587393
558.9825439,0.0352556631,0.07542975992,0.04238531739,0.08165919781,0.06460028887,0.129388541
558.4963379,0.03539816663,0.07379238307,0.04261506721,0.07974912226,0.06470134854,0.1266221255
558.0100708,0.03569618613,0.07263795286,0.04271716252,0.07838338614,0.06475753337,0.1242907271
557.4863892,0.03561994806,0.07032796741,0.04276246205,0.0756380856,0.064419806,0.1199790388
557,0.03562039882,0.0685018599,0.04286682233,0.07360322028,0.06444992125,0.1164517105
556.5134888,0.03559101,0.06611631811,0.04269205779,0.07086806744,0.06452935189,0.1124409735
555.989624,0.03559044749,0.06335893273,0.04282639548,0.06817707419,0.06439842284,0.1072212383
555.5030518,0.0356441699,0.06120818481,0.04281051084,0.06593812257,0.06428942084,0.1035861224
555.0164185,0.03563607857,0.05807665363,0.04292505607,0.06296341866,0.06416712701,0.09807368368
554.4923096,0.0357543081,0.05573956668,0.04313622043,0.06083936989,0.06433883309,0.09396930784
554.0055542,0.0359101072,0.05344083533,0.04312721267,0.05869104713,0.06432574242,0.0895762369
553.4813843,0.03615977615,0.05129157007,0.04332557693,0.05691636354,0.06441902369,0.08589604497
552.9945068,0.03603330627,0.04958502203,0.04320935532,0.05496248975,0.06425517797,0.08244465292
552.5076294,0.03599286452,0.04760158807,0.04338387027,0.05314563215,0.06414023787,0.07897879928
551.9831543,0.03611847758,0.04655373469,0.04380967095,0.05237610266,0.0643151775,0.07668830454
551.4960938,0.03648762777,0.04507714882,0.0438079834,0.05121187493,0.06416991353,0.07413303107
551.0090332,0.0367830433,0.04429737478,0.04398282617,0.05064609647,0.0643664822,0.07245146483
550.484375,0.03673036024,0.04311151803,0.04407839477,0.04944436997,0.06422762573,0.07053684443
549.9972534,0.03688242659,0.04218675569,0.04436236247,0.04859044775,0.06435260922,0.06863696873
549.5100098,0.03706572205,0.04151635617,0.0443633087,0.04814250022,0.06438506395,0.06747663766
548.9851685,0.03704671934,0.04053313658,0.04450401664,0.04717704654,0.06436834484,0.06534457207
548.4978638,0.03692537546,0.03987595066,0.04450837523,0.04648988694,0.06435957551,0.06443887204
548.010376,0.03713984415,0.0392860882,0.04462353885,0.04595027864,0.06431496888,0.06310932338
547.4853516,0.03718324006,0.03854486346,0.04462156072,0.04535470158,0.06435651332,0.06209040806
546.9978638,0.03727179766,0.03817529231,0.0448769778,0.04501055926,0.06442214549,0.06143508106
546.5102539,0.03730801493,0.03767030314,0.0447309576,0.04443567991,0.0643703863,0.06040116027
545.9851074,0.0373147577,0.03730113432,0.0449599959,0.04411993921,0.06440217793,0.0596475713
545.4973755,0.03728169948,0.03670712188,0.0448484458,0.0436931774,0.06427726895,0.05872046947
545.0096436,0.03755321354,0.03665447608,0.04513536021,0.04375670478,0.06435015053,0.05832371116
544.484314,0.03754240274,0.03626475483,0.04526278749,0.04351954162,0.06432841718,0.05776010081
543.9963379,0.03769994527,0.03622389957,0.04528074339,0.04330015182,0.06437410414,0.05745394155
543.5084839,0.03772738948,0.03621458635,0.04539585486,0.04347776622,0.06442673504,0.05728144944
542.9828491,0.03753853589,0.0360783115,0.04547879845,0.04360710829,0.06423218548,0.05716609582
542.494873,0.03780320659,0.03637753054,0.0456411764,0.04395515472,0.06430599093,0.05740805715
542.0067139,0.03794541955,0.03675839305,0.0458282344,0.04421874881,0.06442485005,0.05770436674
541.5185547,0.03807403147,0.03702774644,0.045783218,0.04450728372,0.06435135007,0.05803383887
540.9928589,0.03815530986,0.03739913926,0.04590058699,0.0449713096,0.06432496756,0.05858533457
540.5045166,0.03828429058,0.03804399446,0.04606907815,0.04573000595,0.06433325261,0.05941225588
540.0162354,0.03832692653,0.03853306547,0.04622597247,0.04627193138,0.06432883441,0.06022490561
539.4902344,0.03828239813,0.03927988186,0.04621630162,0.04718723521,0.06414102018,0.06114828214
539.0018311,0.0382488966,0.0398799777,0.04617866874,0.04781980813,0.06413982064,0.06211462989
538.5132446,0.03828516975,0.04044396803,0.04637875035,0.04843683541,0.06403733045,0.06301219761
537.9871216,0.03848274797,0.04120375589,0.04650339857,0.04927795753,0.06405137479,0.06399140507
537.4985962,0.03831459954,0.04156830907,0.04637877643,0.04962724447,0.06390535831,0.06440407038
537.0098877,0.03863533959,0.04230424389,0.04668593034,0.05028573424,0.06390556693,0.06527455896
536.4835205,0.03845115378,0.04251779243,0.04671930894,0.05059441179,0.06387713552,0.0657518357
535.994751,0.03865370154,0.04303525388,0.04687295109,0.05111894384,0.06385410577,0.06631593406
535.5059204,0.03873356059,0.04355642572,0.04696174711,0.05171889812,0.06377318501,0.06700842828
535.0170288,0.03861176968,0.04397291318,0.04704998434,0.05213038996,0.06362525374,0.06748148054
534.4904785,0.03885685652,0.04474624991,0.04721291736,0.05307235196,0.06348876655,0.06847658753
534.0014648,0.03875331581,0.04528654739,0.04721136019,0.05357733741,0.06352489442,0.0692621544
533.5123901,0.03888779879,0.04611121863,0.04721984267,0.05422915146,0.06339706481,0.07013684511
532.9856567,0.03897528723,0.04661719128,0.04729107395,0.0547513999,0.06322447211,0.07106164843
532.49646,0.03890990838,0.04718873277,0.04729768261,0.05536118895,0.06301225722,0.07184757292
532.0072632,0.03882180899,0.04779969528,0.04739490896,0.0560195148,0.06276485324,0.07267745584
531.5180054,0.03886987641,0.04822256044,0.0473142229,0.05635251477,0.06266098469,0.07317216694
530.9910278,0.03893394768,0.04881632328,0.04748736322,0.05684318393,0.06248578802,0.07385245711
530.5015869,0.03878588974,0.04902637377,0.04737903178,0.0569550842,0.06232120469,0.07389007509
530.012207,0.03877604008,0.04903593659,0.04735096917,0.05702285096,0.06210573018,0.07391530275
529.4849854,0.03881303594,0.04914160818,0.04746172205,0.05695101246,0.06195801124,0.07376010716
528.9954834,0.03872758895,0.04897322878,0.04734320566,0.05657001585,0.06182520464,0.07342033088
528.5057983,0.03888983652,0.04879908636,0.04736188427,0.05637414753,0.06157113984,0.07278873771
528.0161743,0.03880536556,0.04856948927,0.04754792526,0.05604239553,0.06142655388,0.07213330269
527.4887695,0.03868129104,0.04798623919,0.04719897732,0.05535621941,0.06097074226,0.07092282921
526.9989624,0.03861675039,0.0474803187,0.04721415788,0.05491857231,0.06067380309,0.06986904889
526.5091553,0.03845893219,0.04693123326,0.04722255468,0.05443728715,0.06051401049,0.06904575974
525.9815674,0.03829520568,0.04617714509,0.04704900086,0.05362129956,0.06004236266,0.06776192784
525.4916382,0.03838469461,0.04587944224,0.04715956002,0.05326896161,0.05984085053,0.06694246829
525.0016479,0.03831968829,0.0454874821,0.04710104689,0.05283566192,0.05969514698,0.06579948217
524.5116577,0.03816844895,0.04480496421,0.04685882106,0.0522740148,0.05912032351,0.06467608362
523.9837646,0.03790392354,0.04425529391,0.0466834791,0.05164375901,0.05860799551,0.06359156966
523.4935913,0.03805947676,0.04395306483,0.04663549364,0.05148588866,0.05847609043,0.0628016144
523.003418,0.03788048029,0.04361775517,0.04663843289,0.05116454512,0.05804171041,0.06214566156
522.5131226,0.03754166886,0.04313610494,0.04635147378,0.05081367493,0.05767994747,0.06119870767
521.9851074,0.0375764966,0.04280185699,0.04633839801,0.05054409802,0.05717850104,0.06072571874
521.4946899,0.03734435141,0.04237792641,0.04612014443,0.05015964434,0.05664102733,0.05980891362
521.0042725,0.03731698543,0.04224940389,0.04606122151,0.04998136684,0.05646066368,0.0593364574
520.5137939,0.03695293888,0.04151627049,0.0457187891,0.04940205067,0.05568270758,0.05822527781
519.9854736,0.03672140464,0.04102536291,0.04550498724,0.04899771139,0.05524361506,0.05717858672
519.4949951,0.03672838956,0.04085750878,0.04551938921,0.04864383861,0.05495152995,0.05659113079
519.0042725,0.03641440347,0.0401160419,0.04505388811,0.04804313928,0.05423824117,0.0555232726
518.5136108,0.03627218679,0.03975168243,0.04485059902,0.04762414843,0.0538126491,0.05491525307
517.9850464,0.03606095538,0.03949413076,0.04485120252,0.04721589014,0.05354354531,0.05401742086
517.4943237,0.03583728895,0.03879727051,0.04443467408,0.0465083532,0.05274425447,0.05283481628
517.003418,0.03576662019,0.03841874376,0.04437039047,0.04612123594,0.05234120414,0.05242136866
516.5125122,0.03547102213,0.03791287914,0.04434596375,0.04570170864,0.05196653306,0.05116445944
515.9838257,0.03523623571,0.03738835827,0.0438743867,0.04518688843,0.0513593331,0.05048277229
515.4927368,0.0350690335,0.03699834645,0.04382238537,0.04475784302,0.0510208793,0.04943998903
515.0016479,0.03504548967,0.03659811988,0.04382215813,0.04430250451,0.05069886521,0.0486052148
514.510498,0.03483692929,0.03618903831,0.04352775216,0.04388945177,0.05019974336,0.04794019088
513.9815674,0.03449583054,0.03560070321,0.04313887656,0.04333043844,0.04957094789,0.04674398527
513.4902954,0.03436855599,0.03515937552,0.04303042591,0.04298909754,0.04913056642,0.04603474215
512.9990845,0.03425067291,0.03476210311,0.04294091463,0.04247990996,0.0489080362,0.04521946609
512.5076904,0.03409488127,0.03418099135,0.04269317165,0.04191084951,0.04840537906,0.04423554614
512.0162964,0.03389520198,0.03365365788,0.04257095233,0.04152771831,0.04814339429,0.04352800921
511.4870605,0.03385090083,0.03328126296,0.04258979857,0.04112574831,0.047913827,0.0426710099
510.9955444,0.03369164467,0.03283265606,0.0422693491,0.04052818939,0.0474460721,0.04166802391
510.5039978,0.03351823986,0.03207492828,0.04195780307,0.03989910334,0.04692422226,0.04070086405
510.0123596,0.03335395828,0.03177161142,0.04186309874,0.03956381977,0.04668642208,0.03998725116
509.4829102,0.03335138783,0.03148670867,0.04192270711,0.03935956955,0.04651215672,0.03953722492
508.9911804,0.0331619978,0.0310589131,0.04184252024,0.03900822252,0.04613675177,0.03874185309
508.4994202,0.03316255659,0.03074846976,0.04168700054,0.03877284378,0.04622773081,0.03831745684
508.0076294,0.03312397376,0.03045551851,0.04170557857,0.03838212043,0.04581149295,0.03767349198
507.5157166,0.03298880532,0.0303163752,0.04152709246,0.03807702661,0.04570360482,0.03744383156
506.9859619,0.03284513578,0.02996397018,0.04141613469,0.03799194843,0.04548342898,0.03697458282
506.4939575,0.03290455043,0.02973169647,0.04145161808,0.0376608707,0.04536961764,0.03670625016
506.0019836,0.03279814869,0.02938779816,0.04134660214,0.03746138141,0.04517781362,0.03607566655
505.5098877,0.03270756826,0.02940391749,0.04128308594,0.03722308949,0.0450636521,0.03604168817
505.0177612,0.03284426779,0.02937926538,0.04145745561,0.03730643541,0.04522515461,0.03583335504
504.4877319,0.03245867416,0.02888135426,0.04119905829,0.03694360703,0.04487806931,0.0355194509
503.9954834,0.03279231489,0.02905457653,0.04138119891,0.0369466804,0.04504573345,0.03534818068
503.5031738,0.03267619759,0.02895176969,0.04125339538,0.03683350608,0.04515489191,0.03538409621
503.0108643,0.0328562744,0.02877172641,0.04135240987,0.0367988795,0.04502798617,0.03531142324
502.5184631,0.03288494796,0.02877064794,0.04157010466,0.03669571504,0.0451326631,0.03520457074
501.9881287,0.03268046677,0.02868416719,0.04126077145,0.03647509962,0.04510445893,0.03514102101
501.495575,0.03259152919,0.02855521068,0.04132083803,0.03646766767,0.04530116916,0.03500850499
501.0030823,0.03286786005,0.02872064337,0.04129626974,0.03643441945,0.04528019577,0.03511247784
500.510437,0.03272607177,0.0286054723,0.04139452428,0.03632489592,0.04538987577,0.03522307053
500.0178223,0.03270812705,0.02865596116,0.04155825451,0.03630440682,0.04551979154,0.03527101874
499.4872131,0.03289857507,0.02867985331,0.04155492038,0.03631321713,0.04587564617,0.03530712798
498.9944763,0.03298475593,0.0286093168,0.04175188392,0.03637454659,0.04609691352,0.03532332927
498.5016479,0.0328867659,0.02870344184,0.04162383452,0.03622687981,0.04616275057,0.03541982174
498.0088501,0.03297835961,0.02864210866,0.04181424156,0.03616216779,0.04650769383,0.03559603915
497.5158997,0.03315492719,0.02879664861,0.04188467935,0.03628577664,0.04684345052,0.03578503057
496.9850159,0.03310908377,0.02868853696,0.04170247167,0.03606199473,0.0467976369,0.03585086763
496.4919739,0.03318557888,0.02866740897,0.04182972014,0.03612072766,0.04703227058,0.0359836705
495.9989319,0.03331471607,0.02879880555,0.04202022031,0.0360975787,0.04738157243,0.03618456423
495.5057983,0.03314420208,0.02872609161,0.04196202382,0.03603775054,0.04760586098,0.03624500334
495.0126648,0.03338202462,0.02893699333,0.04202640802,0.03606047854,0.04793420434,0.03645434976
494.4815369,0.03351748362,0.02908164635,0.04230852425,0.03626478463,0.04826372117,0.03666681424
493.9882202,0.03358284011,0.02900573052,0.04231414571,0.03622595221,0.04857713357,0.03682037443
493.4949341,0.03365203366,0.02903307229,0.04228241742,0.03619939089,0.04882677644,0.03701021522
493.0015564,0.03362736478,0.02904090472,0.0425013192,0.03610179946,0.04896940291,0.03711083159
492.5081482,0.03380327672,0.02902917005,0.04259582236,0.03621933982,0.04938082024,0.03734344617
492.0146179,0.03389402851,0.02909656428,0.04270522296,0.03625378013,0.0496472083,0.03753088787
491.4831848,0.03398135677,0.02926367149,0.04273184389,0.03621793166,0.0499349013,0.03780091926
490.989624,0.03401869908,0.02941405587,0.04293074086,0.03617173433,0.05024155974,0.03803195804
490.4959106,0.03416558728,0.02946206182,0.04300858825,0.03632596508,0.05058036372,0.03836006671
490.0022888,0.03429574519,0.02947959863,0.04316217825,0.03639619052,0.05086308718,0.03851787746
489.5085449,0.0341558978,0.02952265367,0.04313427582,0.03638771921,0.05111830309,0.03857844323
489.0147705,0.03425453976,0.02951176465,0.04324281216,0.03621804714,0.05133724958,0.03869566694
488.4829712,0.03436071053,0.0297444202,0.04334019497,0.0364694111,0.05150343105,0.03906868398
487.9891663,0.03432423621,0.0296247378,0.04327790067,0.03633395955,0.05167659,0.03913130984
487.4951477,0.03447209299,0.02986341529,0.04344663769,0.03660383821,0.05193409324,0.03937413916
487.0011597,0.0346053727,0.0300808344,0.04350254312,0.03653782979,0.05226817727,0.03952018544
486.5071411,0.03476255387,0.03034246899,0.04369088635,0.03673870116,0.05251846462,0.03986633196
486.0130615,0.03470961004,0.03043838777,0.04384506494,0.03669757396,0.05266739056,0.03986391798
485.5190125,0.03478863463,0.03065351024,0.04392553866,0.03676388785,0.05291226506,0.04010658711
484.9867859,0.03465642408,0.03069729358,0.04395051301,0.03687129542,0.0530006066,0.04005046561
484.4925537,0.0349204354,0.03084734082,0.04398190603,0.03680476546,0.05310175195,0.04021954164
483.9982605,0.03498667479,0.03098656982,0.04399531335,0.03691841289,0.05329632387,0.04054887965
483.5039673,0.03520013392,0.03108124062,0.04412002489,0.0370455347,0.0534670949,0.04070441797
483.009552,0.03518461064,0.031148009,0.04421295971,0.03688676283,0.05349672586,0.04068133235
482.5151367,0.03519606218,0.03121439926,0.04420439154,0.03708190471,0.05365749821,0.04077069089
481.9826355,0.03517767787,0.03108544089,0.04433438182,0.03705977276,0.0536785312,0.04076560214
481.4880676,0.03515123576,0.03091004305,0.04429072142,0.03709490225,0.05365483463,0.04069535062
480.9935303,0.03540179133,0.03091229498,0.04450312629,0.03726364672,0.05400332063,0.04087713361
480.4989014,0.03543804958,0.03079837561,0.04470005259,0.03733929992,0.05396371707,0.04093859717
480.0042419,0.03547228873,0.03062762134,0.04476226494,0.03714308888,0.05403509736,0.04066515714
479.5094604,0.0356025286,0.03062434308,0.04482778162,0.0374160111,0.05423469469,0.04076429456
479.0147705,0.03566665202,0.03060553968,0.0449956283,0.03736037388,0.05426493287,0.04079164937
478.481842,0.03563391417,0.03035484999,0.04491954669,0.03737777844,0.05430872738,0.04072744772
477.986969,0.03573556244,0.03017891385,0.04508860782,0.03736034408,0.05420196429,0.04050324112
477.4920349,0.03573494405,0.02997309528,0.04512349889,0.03732829913,0.05423140898,0.04047317803
476.9971313,0.03591005132,0.03001067787,0.04522420466,0.03732496873,0.05424287543,0.04035731778
476.5020752,0.03593735397,0.03000321798,0.04524293542,0.03735506907,0.05439260229,0.04027625546
476.0070496,0.03591834754,0.02986369282,0.0453424044,0.03718668222,0.05425721779,0.04002633691
475.5119019,0.03622133657,0.02992492169,0.04559899494,0.03749462217,0.05446803942,0.04002727196
475.0167236,0.03632731736,0.0297855325,0.04571697861,0.03743110597,0.0544841513,0.03973937407
474.4833984,0.03631237149,0.02977183647,0.04594351724,0.03735295311,0.05459400639,0.03960584477
473.9881592,0.03647788614,0.0298272036,0.04609654099,0.0372418724,0.0545816198,0.03933925182
473.4928284,0.03673988208,0.02975104563,0.0461277701,0.03744555265,0.05472330004,0.03937187046
472.9974365,0.03680225834,0.02986177802,0.04636161029,0.03748598695,0.05477450788,0.03906472027
472.5020752,0.03700023517,0.02978223376,0.04644949734,0.03741420433,0.05490829051,0.03887981549
472.0065918,0.03701909259,0.02979315631,0.04669091851,0.0373749882,0.05488126725,0.03863349929
471.5111389,0.03727515414,0.02973854356,0.04674268886,0.03738048673,0.05510517582,0.03856919333
471.0155334,0.03749990091,0.0297680106,0.0471935235,0.03748655319,0.05520334095,0.03850248829
470.4818115,0.03748257458,0.02979714796,0.04710834473,0.03745763004,0.05539350584,0.03823835403
469.9861755,0.03785881773,0.03001750261,0.04766438901,0.03767510131,0.05574780703,0.03829198331
469.4904785,0.03796550632,0.03005963936,0.04767296836,0.0376291424,0.05581941828,0.03813204914
468.994751,0.03820997104,0.02999276109,0.04810374603,0.03763631359,0.05606625229,0.0380846262
468.4989014,0.03817297146,0.02990273573,0.04804053903,0.03761017323,0.05601150542,0.03792279214
468.0031128,0.0385635905,0.030089017,0.04850042239,0.03783385083,0.05648415908,0.03791064769
467.5071716,0.03884354979,0.03019800596,0.0485717766,0.03786325082,0.05662471801,0.03760715201
467.0112915,0.03912910074,0.03023977205,0.04892906919,0.03785263002,0.05697335303,0.03772829473
466.5152588,0.0395007357,0.03036362119,0.04947796091,0.03800135851,0.05743999407,0.03762866184
465.9811096,0.03965368494,0.03033658303,0.04965429008,0.03812908009,0.05756124109,0.03763591871
465.4849854,0.04000916332,0.03040773608,0.05007722229,0.03814541548,0.05800913647,0.03743861243
464.9889221,0.04019426554,0.03063048236,0.05017190427,0.03824001923,0.05829407647,0.03746832535
464.4926758,0.04061703384,0.03058712371,0.05071824044,0.03851431236,0.05887494981,0.03752668202
463.99646,0.04088398814,0.03059767745,0.05101715401,0.03839117289,0.0591286011,0.03741648793
463.5001831,0.04103768244,0.03064381517,0.05132810026,0.03836761415,0.05947607383,0.03737512976
463.0038757,0.041603636,0.03099185228,0.05193575472,0.03876500204,0.06001555175,0.03746713698
462.5074463,0.04191036522,0.03089328296,0.05215035379,0.0388225168,0.06052174792,0.03756410629
462.0111389,0.04220701009,0.03100869991,0.05263767019,0.03899431601,0.06084145233,0.03747018427
461.5146179,0.04268894345,0.03102780133,0.05314507708,0.03907769173,0.0614525266,0.03765641153
461.0181274,0.04305314645,0.03101150878,0.05354553834,0.03922060505,0.06200515479,0.03755581006
460.4833679,0.0435414575,0.03131768852,0.05404764414,0.03948772326,0.06273796409,0.03764585406
459.9866943,0.04380472004,0.03131023049,0.05427918956,0.03953617439,0.0630979836,0.03769308329
459.4900818,0.04421525449,0.03140553087,0.05462350696,0.03964200243,0.06369518489,0.03784283251
458.9933777,0.04469721392,0.03173521161,0.05529206246,0.0399848111,0.06430569291,0.03807920218
458.4966431,0.04492324963,0.03155468032,0.05556013063,0.04006877542,0.0646263957,0.03802712634
457.9998169,0.04534234479,0.03180675954,0.05609520525,0.04023368284,0.06526520103,0.03823024035
457.5030212,0.04581804946,0.03181314096,0.05646396428,0.04039785638,0.06579364091,0.0382915847
457.0061035,0.04645468295,0.03238576278,0.05717732012,0.04087872431,0.066572465,0.0387712568
456.5092163,0.04678247124,0.0324687995,0.05760643259,0.04111288488,0.06712032109,0.03883180395
456.012207,0.04699194431,0.03250713274,0.05796200782,0.04121659324,0.06757704169,0.03893071786
455.5151672,0.04772346839,0.03300511464,0.05868515,0.04169081897,0.06829144806,0.03931363299
455.0181274,0.04794131592,0.03314403445,0.05900409818,0.04178115353,0.06880830228,0.03973540291
454.4827576,0.04834866524,0.03343751654,0.05961095542,0.04217420518,0.06954719126,0.04000419751
453.9855652,0.04870223999,0.03378987312,0.05989745259,0.04241331667,0.06994345784,0.04018657282
453.4883423,0.04901443422,0.03409381956,0.06030540913,0.04291899502,0.07037953287,0.04070746154
452.9911499,0.0495278053,0.0344960019,0.06079890206,0.0433046706,0.0709355697,0.04110617191
452.4937439,0.04979106039,0.03493653983,0.0611656867,0.04368146881,0.07152885199,0.04158338159
451.9963989,0.05039758235,0.03535059467,0.06182296574,0.04429579526,0.07220030576,0.04224153236
451.4990234,0.05063254386,0.03560309112,0.06208479404,0.04457216337,0.07260062546,0.04255667701
451.0015869,0.05132789537,0.03644762188,0.06281238794,0.04525433853,0.07351380587,0.04363581538
450.5041199,0.05159443244,0.03686791286,0.06320279092,0.04585708678,0.07392448187,0.04413099959
450.0065918,0.05213541165,0.03732745349,0.06376733631,0.04651431739,0.07460828871,0.04499858618
449.5089417,0.05254437774,0.03812614083,0.06431322545,0.04726596177,0.07522393763,0.0457643196
449.0113831,0.05305831507,0.0385681726,0.06473001093,0.04782183096,0.07567798346,0.0465281494
448.5136414,0.05327551812,0.03921680897,0.06516716629,0.04861338064,0.07621972263,0.04758055881
448.0159607,0.05376023054,0.04001035541,0.06555623561,0.04942270368,0.07679456472,0.04855915532
447.5181885,0.05433295667,0.04072229937,0.06619677693,0.05022327974,0.07750058174,0.0497938171
446.9821167,0.05484225973,0.0418259874,0.06682569534,0.05140531063,0.07832134515,0.05144948885
446.4841919,0.05542847514,0.04280297086,0.06733566523,0.0523398295,0.07881818712,0.05285051465
445.9863281,0.05589083582,0.04389185831,0.06782033294,0.05375721306,0.07959726453,0.05456855893
445.4883728,0.05638251826,0.04496175051,0.068451792,0.05495641008,0.08040313423,0.05636486411
444.990387,0.0569040589,0.04626188055,0.06908035278,0.05642684922,0.08118500561,0.05825381353
444.4923401,0.05765677243,0.04794880375,0.06982241571,0.05837170407,0.08220741898,0.06091313809
443.9942627,0.05786454678,0.04885930941,0.07019461691,0.0596274659,0.08258488774,0.062842004
443.4961548,0.05864737183,0.05097470805,0.07096324861,0.06191102043,0.08369389921,0.06624842435
442.9979553,0.05925159156,0.05274211988,0.07162750512,0.06405802816,0.0846799016,0.0692094788
442.4996948,0.0598940365,0.05497121438,0.07256470621,0.06651987135,0.08570462465,0.07285969704
442.0014343,0.06096493453,0.05804366246,0.07357368618,0.07018634677,0.08717944473,0.07813345641
441.5031433,0.06155177951,0.06034565344,0.07412037998,0.07285519689,0.08813366294,0.08230183274
441.0047913,0.0626450181,0.06430959702,0.07537525892,0.07735739648,0.08983013779,0.08886713535
440.5064392,0.0633539632,0.0673103109,0.07620916516,0.08128893375,0.09088633955,0.09417048097
440.0079651,0.06432268023,0.07186318189,0.07726033777,0.08595831692,0.09255661815,0.1021747962
439.5094299,0.06558004767,0.07702354342,0.07854858786,0.0921581015,0.09450610727,0.1110854
439.0108948,0.0665596053,0.08194277436,0.07968585938,0.09743127227,0.09605176747,0.1192200333
438.5123291,0.06785755605,0.08924382925,0.08112150431,0.1061311439,0.09835539013,0.1325840056
438.0137024,0.06898033619,0.0955401808,0.08236481994,0.1133079231,0.100143753,0.1435188502
437.5150146,0.07050222158,0.10466104,0.0840152055,0.1234695241,0.1025952101,0.1594691128
437.0163574,0.07218716294,0.1150179654,0.08573458344,0.136305064,0.1053316891,0.178073287
436.5175781,0.07352392375,0.1259547174,0.0873882249,0.1479807347,0.1079512462,0.1967528462
436.0187378,0.07600152493,0.1414924562,0.08994787186,0.1655648351,0.1113964915,0.2233596891
435.4815369,0.07769717276,0.1540267915,0.09170613438,0.1796399504,0.1144399568,0.2453490049
434.982605,0.07989972085,0.1713591367,0.09423392266,0.1991155744,0.1181261092,0.2764630616
434.4836731,0.08189063519,0.1862293333,0.09642346203,0.2163597196,0.1213629097,0.3031089306
433.9846802,0.08395157754,0.2035592198,0.09859732538,0.2351052016,0.1250644624,0.3318251371
433.4857178,0.08685287833,0.2259338349,0.1017376184,0.2605365813,0.1299385428,0.3713118434
432.9866333,0.08888349682,0.2419485152,0.1038998663,0.2775191069,0.1334665418,0.4002897441
432.4874878,0.09234857559,0.2658818066,0.1076644436,0.3034581542,0.139418155,0.4418953061
431.9883728,0.09505897015,0.2849929333,0.1110082865,0.3243807256,0.1443585455,0.4753858447
431.4891052,0.09893580526,0.3062787354,0.1148126647,0.347232461,0.150568381,0.5118581653
430.9898682,0.1029561833,0.3270341158,0.1191144511,0.3683079183,0.1576664597,0.546549201
430.4906006,0.1058085784,0.3393318057,0.1225825474,0.3808488846,0.1629934609,0.5688691139
429.9912415,0.1107434034,0.3546719849,0.1276040077,0.396546334,0.1709584147,0.594999671
429.4918518,0.1141536161,0.3631040454,0.1314362288,0.4043819308,0.1770778894,0.6098395586
428.9924622,0.1187616512,0.3707372844,0.136446774,0.4114742577,0.1850536764,0.623223722
428.492981,0.1241657138,0.3760196269,0.1425248832,0.4151987731,0.194621101,0.6316260099
427.9934692,0.1282847077,0.377084583,0.1470444649,0.4152805507,0.2017589808,0.6334821582
427.4938965,0.1346982419,0.3757507503,0.1541157514,0.4119744897,0.2126644254,0.6306224465
426.9942932,0.1396753341,0.372466594,0.1593382955,0.4071747661,0.2211241871,0.6242593527
426.4946899,0.1458230913,0.3660807014,0.1663235277,0.3982112408,0.2322149426,0.6125469804
425.9949646,0.1521629393,0.3579840064,0.1729727834,0.3887651563,0.2432131916,0.597466588
425.4952698,0.157260254,0.3497025073,0.1791732609,0.379272908,0.2515550852,0.5835315585
424.9955139,0.1641935855,0.3385297656,0.1868394613,0.3659703732,0.2637603879,0.5635858178
424.4956665,0.1689012647,0.3300096691,0.1919763088,0.3562198281,0.2718249261,0.5477903485
423.9958191,0.1752638966,0.3184880912,0.1994148046,0.3432222903,0.2830660343,0.5264863968
423.4959106,0.1817701012,0.3063776493,0.2066054195,0.3292615414,0.2944064736,0.5040271282
422.9959412,0.1870727241,0.2953878939,0.2129311264,0.31755808,0.3040372431,0.4841302037
422.4960022,0.1943821609,0.2805240452,0.2213657051,0.301446557,0.3165448904,0.4568285048
421.9959717,0.1993356943,0.2698634863,0.227155149,0.2899360657,0.3251273632,0.4384812117
421.4959106,0.2052255869,0.2572894096,0.233924076,0.2765516937,0.3352386057,0.415258497
420.9957581,0.2099233717,0.2473700792,0.2396208644,0.2657871246,0.3436669409,0.3970948458
420.495575,0.2144301981,0.2378163189,0.2447674572,0.2553886473,0.3510830998,0.3789522648
419.9953918,0.2194220722,0.2259681523,0.2507565618,0.2430107594,0.3598915637,0.3579688966
419.4951477,0.2223595083,0.2185741514,0.2545111775,0.2349453717,0.3650391996,0.3440768421
418.994873,0.2263387442,0.2083949149,0.2594815493,0.2245296687,0.371715486,0.3255220056
418.4945679,0.2291540653,0.2003598958,0.2629026175,0.2161677927,0.3766160309,0.310567081
417.9942017,0.2314892709,0.1921409816,0.2661195099,0.2078441381,0.3807168603,0.2955431044
417.4938049,0.2337619215,0.1835409701,0.2691184878,0.1980399489,0.3847298622,0.2785678506
416.9932861,0.2350770533,0.177311644,0.2707873881,0.1920763999,0.3869693279,0.2671637535
416.4927979,0.2363296002,0.1699047983,0.272634238,0.1838583946,0.3889632225,0.2532610297
415.9922485,0.2363261729,0.1642462462,0.2729858756,0.1780691892,0.3891867399,0.2429756522
415.4916382,0.23631908,0.1586469859,0.2731141448,0.1719316095,0.3888632655,0.2322895676
414.9909973,0.2354889661,0.1532987803,0.2727302611,0.16599904,0.3876427114,0.2214833796
414.4903259,0.2345886976,0.1492664814,0.2714649737,0.1621170044,0.3859937191,0.2143738866
413.9897156,0.232889995,0.1448261291,0.2701442242,0.1570354253,0.3828520179,0.2052317709
413.4888916,0.2314038277,0.1416728497,0.268422693,0.1535082161,0.3798557222,0.1988583207
412.9881287,0.2288235873,0.1379441917,0.2657581568,0.1494133919,0.3753226101,0.1913507879
412.4873047,0.22555089,0.1345319152,0.2621011734,0.1455082893,0.369541049,0.1846672595
411.9864197,0.2230030894,0.1323554665,0.2595738173,0.1430446804,0.3649345338,0.1794565916
411.4854736,0.2189121693,0.1297267675,0.254838109,0.1400054097,0.3576458991,0.1738523692
410.9844971,0.2157617956,0.1284063458,0.2512883842,0.1381206661,0.3522629142,0.170512557
410.48349,0.2120038718,0.1272490025,0.2470897883,0.136522755,0.3454300463,0.1668871343
409.9824524,0.2083055377,0.1262878329,0.2426151335,0.1349972636,0.3387651742,0.1639500111
409.4813538,0.2047891468,0.1258297414,0.2391676009,0.1341468096,0.3328211606,0.1617592871
409.0187378,0.200394392,0.1255945265,0.2342029214,0.1334104091,0.3247584105,0.1595399678
408.5175781,0.1968434602,0.1256395727,0.2299640477,0.1329616159,0.3183812499,0.1578603983
408.0163879,0.1924791932,0.1258320659,0.2250141501,0.1324532479,0.3107174933,0.156355083
407.5151672,0.1878262758,0.1265694648,0.2197313011,0.1323600262,0.3024111986,0.1551037431
407.0138855,0.1842232943,0.1272539645,0.2153817117,0.1324050426,0.2954778969,0.1541570127
406.5125122,0.1796161532,0.1285343021,0.2100112736,0.132511273,0.2872177362,0.153277114
406.0111694,0.1762520224,0.1294029504,0.2062167823,0.1326297522,0.281580478,0.1524704099
405.5097046,0.1722486913,0.1304837912,0.201197356,0.1327395886,0.2741347849,0.151426807
405.0082703,0.1684653312,0.1318758279,0.197506994,0.1329054832,0.267866075,0.1506308168
404.5067749,0.1656502336,0.1329369843,0.1940711588,0.1330899745,0.2626493275,0.1496078074
404.0052185,0.1617882103,0.1347455531,0.1894752085,0.1333034933,0.2553699315,0.1483859271
403.5036621,0.1591228992,0.1362399459,0.1864683479,0.1335587054,0.2507654428,0.1474813968
403.0020447,0.1554751247,0.1381296962,0.1822616607,0.1337598413,0.2441910505,0.145984903
402.5003662,0.1519601792,0.1402372718,0.178412497,0.133980006,0.2382599413,0.1443014443
401.9986267,0.1492290348,0.1420717984,0.174977541,0.1342086047,0.2332649082,0.1430067569
401.4968872,0.1457555592,0.1447702646,0.1712657064,0.134864226,0.2271037996,0.1412173063
400.9951172,0.1436167061,0.1471846253,0.1687642932,0.1354637742,0.2230755985,0.1399861276
400.4932861,0.1405817419,0.1503684074,0.1652717888,0.1361705214,0.2177414298,0.1381176114
399.991394,0.138380751,0.1531653851,0.1627312899,0.1369374096,0.2137440443,0.1366891861
